text,label
Ale 375ml $69.99 Case (24) Add,Misdirection
Cover Yes Yes No Sleep Trial,Misdirection
did really well on delivery of,Misdirection
"starting to see duplicates, which",Misdirection
has been my pleasure to,Misdirection
of all taxes) ADD TO,Misdirection
"loss, dont delay just go with",Misdirection
tabs give you the freedom,Misdirection
Present Time Foldable Foot Rest,Misdirection
read our full guide on,Misdirection
Select to rate the item with,Misdirection
bedroom RECEIVED AN INCENTIVE 3,Misdirection
Most Recent Highest Rating Lowest,Misdirection
High to Low Per Page: 12,Misdirection
sleep specialists are here for,Misdirection
WHEN YOU SPEND $100 IN ONE,Misdirection
process was made painless for,Misdirection
"have remote capability, even though the",Misdirection
"you want, for whatever you want.",Misdirection
Skip to main content ENTER,Misdirection
"to your customized design, select “Edit",Misdirection
BUYER Rated 4 out of 5,Misdirection
"Regular price $640 Strength refined,",Misdirection
AVAILABLE Find some similar suggestions,Misdirection
Bundle Starting at $50/mo Stream,Misdirection
"INR $1,500.00 Buy now pay later",Misdirection
also includes the few seconds,Misdirection
Stickers 1/2/3/4/5Pcs for Discolored Or Damaged,Misdirection
"up your ONE vaporizer experience, with",Misdirection
Nails $20.95 $33.95 1/2/3Pcs Healio Nail,Misdirection
no refer code Reply elsin May,Misdirection
Get started Top use cases,Misdirection
CONNECTED SUBSCRIBE Payments through PayUMoney Accepted,Misdirection
FILTER Showing 194 results for,Misdirection
read more about review content,Misdirection
why I highly recommend it: Key,Misdirection
to use this for a 3rd,Misdirection
$99.00 Member Offer Women's Heli,Misdirection
+ 2 options From: $18.13 No.,Misdirection
Tuft (M) Regular price $5 The,Misdirection
off time for order receipt,Misdirection
Read Full Review SAYS The Pebble,Misdirection
I get a good boost before,Misdirection
a gluten-free experience without compromising on,Misdirection
Helpful? (0) (0) Report Quality,Misdirection
no charges made on special,Misdirection
actually enjoy water now with the,Misdirection
working from day 1. initially after,Misdirection
it was OK. Instantly fell,Misdirection
Codes Benefits HALA50 ₹50 Bonus,Misdirection
S$1 when you shop on,Misdirection
offer much better value for,Misdirection
haul 10 Points For 4-wicket,Misdirection
when it isn't needed to,Misdirection
TO 75% OFF! SHOP NOW Next,Misdirection
(lowest) to 5 stars (highest) Rating,Misdirection
below Ask a Question Description,Misdirection
to slide 2 Go to slide,Misdirection
"less than 0.2% THC, in compliance",Misdirection
"$1,500+ purchase, to be applied",Misdirection
rough stuff nicely and feels more,Misdirection
PROMO FREE GIFT with every,Misdirection
Review Select a rating for,Misdirection
myFreedom Earn $50 reward for every,Misdirection
this review was not helpful,Misdirection
"seek comfort during long, leisurely",Misdirection
5 stars Based on 515,Misdirection
bath. (1) $76.00 Add To,Misdirection
is then perfectly cut with the,Misdirection
🇨🇦 Verified Buyer Big enough for,Misdirection
of generic drugs also receive,Misdirection
* License Authorization needs an,Misdirection
10 minutes after purchase Select quantity,Misdirection
One offer is available to,Misdirection
Best Baked Face Palette (3.3K) $45.00,Misdirection
previously offered for sale by,Misdirection
"Casper GhostBed Classic Price (Queen) $1,299",Misdirection
"you choose to share with us,",Misdirection
assumes all responsibility for this,Misdirection
are separately attached for maximum,Misdirection
"$129 – $1,199 Order Modvigil",Misdirection
"ergonomic challenges, I would have likely",Misdirection
be updated . I ordered,Misdirection
online encouraged us to go,Misdirection
& returns Pay later with,Misdirection
can dial in the speed you,Misdirection
at any time using the,Misdirection
reviews Sold out Current price $136.49,Misdirection
from Wizards of the Coast! $159.95,Misdirection
wear BEST SELLER Best Selling,Misdirection
ratings 5 star 75% 4 star,Misdirection
"get tired of replacing torn,",Misdirection
Search My Account Change My,Misdirection
10 Sneakers (Big Kid) $54.00MSRP: $60.00,Misdirection
fit perfectly in your case,Misdirection
for last 5 years lost almost,Misdirection
"score, so you can see",Misdirection
For Absolutely Free Valid on,Misdirection
insured to ensure peace of,Misdirection
EXTRA 10% OFF ALL STYLES: EXTRA10,Misdirection
3.0 - Black Stingray Was: $219.98,Misdirection
"9mm 4.25″ Pistol $1,299.99 Out of",Misdirection
Shopping Bag Spend $500 more to,Misdirection
ahead—enjoy endless comfort for your feet.,Misdirection
"these reasons, we may share your",Misdirection
scale of minus 2 to 2,Misdirection
Lab Tested We take quality,Misdirection
price: $2.99 Notify Me Merry,Misdirection
yesterday and it was well,Misdirection
OUT OF STOCK/WAITLIST ME ©,Misdirection
"Me Choose"" option for amateurs looking",Misdirection
can’t wait to buy myself far,Misdirection
it at an authorized Rocky,Misdirection
"6,120.00 Regular price Rs. 6,800.00",Misdirection
The Sound Lift feature allows you,Misdirection
HAPPY CUSTOMER BECOME A MEMBER About,Misdirection
Offer: Shop for Rs.799 and get,Misdirection
value for your buck because,Misdirection
for extended listening sessions in a,Misdirection
touch Sign up for latest,Misdirection
need to rise above the,Misdirection
2 Rated out of 5 stars,Misdirection
price $29.99 Original price $50.99 2,Misdirection
Zari Border Increase quantity for,Misdirection
some mention it doesn't come with,Misdirection
Quantity Decrease quantity for David,Misdirection
did receive it in good condition.,Misdirection
you spend Join Bottle Stop Rewards,Misdirection
Cart - $490 Add to Cart,Misdirection
work with ya :),Misdirection
ago It was interesting using it.,Misdirection
is currently not available for your,Misdirection
feature. This function enables efficient,Misdirection
delivered every 3 months This is,Misdirection
savings to be applied to,Misdirection
per Sheet $2.42 Add to,Misdirection
Lifetime Warranty Features 100% recycled 600D,Misdirection
Solar cell capacity may reach,Misdirection
Money Back Promise only on select,Misdirection
"include Helpful tips, plus free",Misdirection
stock Item is unavailable for viewing,Misdirection
Do Not Sell or Share,Misdirection
look I was going for on,Misdirection
From: $9.97 + 2 options,Misdirection
Helpful? (0) (0) Report Quality of,Misdirection
thing is way better than I,Misdirection
"Degree mounting screw"" (GT-118-D0) I recommend",Misdirection
CONTACT US Need to contact us?,Misdirection
Exclusions apply. Previous Next 1,Misdirection
Near By About About us,Misdirection
to cart LIGHTNING SALE SAVE 50%,Misdirection
S$1 when you shop on,Misdirection
all feedback Back to previous,Misdirection
them for one purchase if you,Misdirection
and hence is a great,Misdirection
Us -> Explore More From,Misdirection
Deal Combo Offers Buy 1 Get,Misdirection
could not do anything since I,Misdirection
16 reviews Sale price ₹,Misdirection
that do not meet the minimum,Misdirection
Ways They Benefit You 05 May,Misdirection
open submission form. Select to rate,Misdirection
$9.99 for 1 each Add to,Misdirection
assured that the result will always,Misdirection
(84-Month Warranty) Extra Offer Inside,Misdirection
Price $236.26 / EA Quantity EA,Misdirection
$61.95 Quantity - + ADD TO,Misdirection
bring a fun splash of,Misdirection
you agree to receive email,Misdirection
glam list and get 10% off!,Misdirection
You may also like Sign,Misdirection
we give away 20 samples for,Misdirection
Sort Most Recent Oldest Most,Misdirection
375 20% OFF View Offers,Misdirection
and best offers delivered to,Misdirection
2025 review stating Incredible Item I'm,Misdirection
can only add a maximum of,Misdirection
min. I ended up having,Misdirection
"option other than demotivation, your oil",Misdirection
"No reviews yet, write one now?",Misdirection
5 Points Strike rate 150.00,Misdirection
This Review Helpful? 0 0,Misdirection
collection is coming. Sign up for,Misdirection
For enterprises Get a recommendation,Misdirection
We are secured by 128 bit,Misdirection
feature for maximum efficiency and convenience,Misdirection
cash equivalent and have no balance,Misdirection
Lowest Rated Highest Rated Oldest Images,Misdirection
$88.00 AUD or 4 interest-free,Misdirection
PRICE RS. 325.00 Add to,Misdirection
I am so glad that it,Misdirection
does not support the video,Misdirection
room Rated 5 out of 5,Misdirection
break up would be 25 to,Misdirection
that create a more realistic,Misdirection
Now $149.75 4 payments Late Fees,Misdirection
services. Choose “Accept All” to agree,Misdirection
cm H Subscribe to our awesome,Misdirection
listen to music with just a,Misdirection
details. Receive 5% OFF select,Misdirection
little bit of cash. Put those,Misdirection
"Lowest Price Free, No Hassle Exchanges",Misdirection
was BORED of constantly reapplying,Misdirection
Sign Up Now Entertainment that pays,Misdirection
From ₹ 399 Regular price ₹,Misdirection
you I will give you a,Misdirection
and collect your items on,Misdirection
everything you need to level,Misdirection
best possible experience. By using,Misdirection
unique) it was our second,Misdirection
send back item within a week,Misdirection
$300.00 Increase quantity for $300.00 $350.00,Misdirection
if they miss all of the,Misdirection
difficult to get a proper,Misdirection
excluded) made with your Triangle,Misdirection
restrictions may apply. Offer cannot,Misdirection
SOLD OUT A DAY TO,Misdirection
Filter Options Sort By: Best,Misdirection
SAVE OFFER NOW ON Account Cart,Misdirection
"Size $1,598.00 CLUB PRICE $1,999.00 FULL",Misdirection
EXTRA COST Frequently bought together EasyGlide,Misdirection
"online, choose up to two",Misdirection
can make the most of,Misdirection
4 payments of $8.36 (min spend,Misdirection
0 reviews price: $9.99 Add to,Misdirection
"or suggestions, you may write to",Misdirection
providing protection to the internal,Misdirection
price:$162.90 AUD$154.75 AUD ADD SELECTED TO,Misdirection
of 5 stars Based on 25,Misdirection
on 29 Jul 2025 review stating,Misdirection
date Save 10% on your,Misdirection
come with a complimentary case to,Misdirection
Sale price $13.35 Regular price $24.99,Misdirection
Pixel Tablet Is $49.95 or $12.49,Misdirection
2 Reviews This action will,Misdirection
needs to be online to use,Misdirection
Clear all,Misdirection
offers at checkout Celebrate American,Misdirection
price $39.95 From $9.98 Over 4,Misdirection
Market $229.99 Member $94.18 Elite $92.55,Misdirection
$10.00 Regular price $48.00 Sale price,Misdirection
order. SIGN UP NOW By,Misdirection
form. Select to rate the,Misdirection
options allow for multiple methods,Misdirection
product details features benefits how to,Misdirection
4.9 Based on 107 reviews,Misdirection
$249.95 0 Review Add to Wishlist,Misdirection
agree to Instagram's Terms of,Misdirection
tracking $39 – FREE over,Misdirection
Fully Fitted Ready To Ride Out,Misdirection
Rs. 550.00 In stock Choose options,Scarcity
trials available. You have 365,Scarcity
"fast, and could not be",Scarcity
Slide 1 of 7 Zoom Try,Scarcity
(300g to 330g Pack) ₹869.00 /pack,Scarcity
Weight Allowed 128kg The overall weight,Scarcity
to hit 42 GW by,Scarcity
conditions where a ‘spacey’ buzz,Scarcity
"and reassembles fast, without the",Scarcity
2 Runs Small True to Size,Scarcity
10 then the payout break,Scarcity
Aylai (5 to 9 Count/kg) -,Scarcity
in stock as soon as,Scarcity
"omission or error, by any",Scarcity
"100mm, 100mm 750mm (± 10mm) Flat",Scarcity
Large Quantity ADD TO CART,Scarcity
of up to 1.5 metres (or,Scarcity
the 15 seconds before and 30,Scarcity
like crazy before. Now it's running,Scarcity
5% of the item selling,Scarcity
V30 100MB/S R 4... item,Scarcity
when one move the other one,Scarcity
arrives on time—no surprises. We Won’t,Scarcity
get your creativity rolling – fast!,Scarcity
(82) (24) (2) (1) Rating:,Scarcity
In Stock When will I get,Scarcity
the 300mg version really hit,Scarcity
"With prolonged use, the likelihood of",Scarcity
NOW - UP TO 50% OFF*,Scarcity
and arrived on time. Would,Scarcity
Meter left in stock - order,Scarcity
35% OFF Out of Stock Rs.,Scarcity
500 on first Deposit | Use,Scarcity
with Head (400g to 420g,Scarcity
599 In Stock ADD TO,Scarcity
airflow – with no loss,Scarcity
wicket taken 20 Points For 3-wicket,Scarcity
Of 1 Unit Count Type,Scarcity
Get up to 16% off!,Scarcity
Conditions,Scarcity
shipping Temporarily out of stock.,Scarcity
OUT OF STOCK/WAITLIST ME 14,Scarcity
XL More colour options in stock,Scarcity
5 items left Qty BUY NOW,Scarcity
18.75,Scarcity
Operating Range Up to 10m,Scarcity
Limited P7,Scarcity
out. Here is what's in,Scarcity
$89.95 Item weight: 290 g,Scarcity
"scanning Out of stock $8,499.00 inc.",Scarcity
CART BUY IT NOW 1 Faced,Scarcity
"$99 In Stock, shipped today!",Scarcity
"Increase quantity Add To Cart In-stock,",Scarcity
380g to 400g Pack) ₹275.00,Scarcity
"5,999 Rs. 4,999 In Stock",Scarcity
"effect. Twice I've used it,",Scarcity
(70g to 150g) (480g to 550g,Scarcity
stop moving instantly! It also destroys,Scarcity
"the sound. Standing less than 4""",Scarcity
50ml Quantity 1 ADD TO,Scarcity
Option: Single Pair Low in stock,Scarcity
"1"" Capacity 175-sheet capacity Gray Round",Scarcity
Rakhi Set 30% OFF Rs. 145,Scarcity
time since purchasing it and unfortunately,Scarcity
holding them in place is,Scarcity
"Small, Size Up 1 / 7",Scarcity
5 items left Qty BUY NOW,Scarcity
of 1 to 5 Below Expectation,Scarcity
back in stock. Deliver to,Scarcity
2 kg (4.4 lb) Variant sold,Scarcity
create (compared to high-density 4 lb,Scarcity
In Stock $372.95 Quantity Colour,Scarcity
3rd purchase in the last,Scarcity
orders of $199 or more in,Scarcity
"times its price, punching well above",Scarcity
every run scored 1 Points,Scarcity
Whole (Small) (480g to 580g Pack),Scarcity
from failures with zero downtime.,Scarcity
this piece. Act fast! Check,Scarcity
did it fast and went,Scarcity
Decrease quantity for Model 7004-00 Sleek,Scarcity
6 out of 7 (86%),Scarcity
(Gross Weight) kg 21.5 (27.5),Scarcity
of Stock) 14x80cm (Out of,Scarcity
750g) bags = $42.75 each,Scarcity
"1,000 - Key-value writes per",Scarcity
"Count/g, 14 Count/g 57mV/g 6.25mV/g",Scarcity
"of 10 ‘Open When’ Envelops,",Scarcity
you fit in? 45-54 Which,Scarcity
of 4) MRP ₹ 400 (incl.,Scarcity
(2) This is a bulky item,Scarcity
Rs.10/- each. Bulk sale (400 glasses,Scarcity
so strong they withstood over,Scarcity
compound annual growth rate during,Scarcity
for two - Valid Friday,Scarcity
Post 31.6mm / S size 75mm,Scarcity
TO BAG 54% OFF Gold,Scarcity
"(20-30 MMHG) Heavily, fatigued, aching legs",Scarcity
(Lean) (380g to 400g Pack),Scarcity
Reserve in Store -- unavailable,Scarcity
operation by limiting the maximum power,Scarcity
"morning hours, irrespective of the",Scarcity
from start to finish Motorised wet,Scarcity
up again in the exact,Scarcity
WRONG OR MISSING ORDER ITEM(S),Scarcity
Looking for more of an adrenaline,Scarcity
"In stock, ready to ship ADD",Scarcity
each From 18.16 Add to,Scarcity
/ G - OUT OF STOCK/WAITLIST,Scarcity
1 to 5 Below Expectation Excellent,Scarcity
to 14 days of battery life,Scarcity
Used No used products available,Scarcity
of 5 5% Off OUT,Scarcity
40% Off (inclusive of all taxes),Scarcity
"days, the 300mg version really hit",Scarcity
days) Depending on stock we,Scarcity
given these an additional 1/2 to,Scarcity
$149 In Stock Choose your,Scarcity
4 1/4 x 5 1/2,Scarcity
Pocket - Big Enough for,Scarcity
overexerting at the start of your,Scarcity
makes it run up to,Scarcity
"before, with 2 ports to",Scarcity
to its unprecedented level of,Scarcity
- Set of 3 Rated 0,Scarcity
where flying past me on,Scarcity
Pack Quantity: Pack of 8 (100g,Scarcity
up of big sized five faced,Scarcity
out of 4.4 / 5 1,Scarcity
"normally in parking mode, except for",Scarcity
15% OFF MRP inclusive of all,Scarcity
shares surge over 4%: 3 reasons,Scarcity
5 5% Off Total sales: 9,Scarcity
double your dose. Doing so,Scarcity
₹ 621 (-50%) (incl. of all,Scarcity
stock - 3 items left,Scarcity
success until I landed on,Scarcity
Off Any Second Item!* Conditions,Scarcity
153 mm Weight Left: 1.89,Scarcity
EACH In Stock $79.98 CAD EACH,Scarcity
10 Increase quantity for The,Scarcity
when the next turn is,Scarcity
in front of or on the,Scarcity
7/8 IN WIDTH X 5,Scarcity
Stock (5+) In Store Availability Want,Scarcity
on the road approx. 25-27mpg,Scarcity
5% Off OUT OF STOCK Total,Scarcity
15x110 mm / 12x148 mm,Scarcity
- Out of Stock 190ml 500ml,Scarcity
but not as fast as expected.,Scarcity
20 Pack,Scarcity
"(Long) 60 Regular price ₹ 1,790",Scarcity
OF STOCK Total sales: 2 pcs.,Scarcity
to High Price: High to Low,Scarcity
of 2 only. n WB4,Scarcity
very long way with this,Scarcity
Whole (480g to 500g Pack),Scarcity
5 IN X 3/64 IN,Scarcity
~150mA as long as the,Scarcity
-38.75,Scarcity
Sold Out 12 Size Sold,Scarcity
more Temporarily out of stock. We,Scarcity
4.5-Seater (Left) 3-Seater Variant sold,Scarcity
flat after rangebound session: Nifty,Scarcity
25 to winnings and 0,Scarcity
of all taxes) Only 42.0,Scarcity
with too low an action,Scarcity
OUT OF STOCK/WAITLIST ME 18 /,Scarcity
availability or while stocks last.,Scarcity
"low-latency delivery — with no format,",Scarcity
at 228 horsepower and 201 lb-ft,Scarcity
0.5 seconds prior to pressing the,Scarcity
Test Lead (set of 10) Half,Scarcity
AUD-ATHM30X $119 In Stock ADD TO,Scarcity
4304 $3.95 57 in stock,Scarcity
Rs. 464.00 In stock Add,Scarcity
up to 60 kilometers on a,Scarcity
in a snap! Double Down with,Scarcity
out or unavailable 4.5-Seater Variant sold,Scarcity
14% OFF Rs. 150 Rs. 75,Scarcity
9.00 or 900 miles OUT,Scarcity
256G 512G High Max Endurance,Scarcity
0 0 items in cart Weekly,Scarcity
off due to the weight,Scarcity
floor. Actual run time will,Scarcity
15 units in the bag.,Scarcity
Conditions,Scarcity
to 40-65% off thousands of,Scarcity
(240 to 250g Pack) ₹488.00 /pack,Scarcity
last 2 launches Share ' Share,Scarcity
charge is below 12.4 V.,Scarcity
to bag 5 times in the,Scarcity
8 9 10 11 In stock,Scarcity
growth but it took nearly 2,Scarcity
4in. by 5 1/4in. to,Scarcity
"Rs. 2,005.00 OUT OF STOCK",Scarcity
bit heavier to move around compared,Scarcity
about to engage in. Open until,Scarcity
minimum order quantity of 2,Scarcity
off guard. It may make,Scarcity
"Whites, 37 ml Tubes In stock",Scarcity
of age to enter this,Scarcity
Store In Stock Please Note:,Scarcity
+ - 90-degree (45-deg to,Scarcity
transmitter and receiver in mere seconds,Scarcity
Dynamic Masterpiece Now In Season,Scarcity
"at five intervals, the lower half",Scarcity
before the last few seconds to,Scarcity
multiples of 2 only. n,Scarcity
25 50 100 Quantity Decrease,Scarcity
Arctic White Only a few,Scarcity
0 0 items in cart Weekly,Scarcity
PAY WITH 5+ IN STOCK,Scarcity
to slide 1 Go to slide,Scarcity
"options In stock, ready to",Scarcity
"36.00 or 3,600 miles OUT OF",Scarcity
of 5 5.0 5 out,Scarcity
5.0 1 to 2 of,Scarcity
to very short straining times,Scarcity
for two - Valid Sunday to,Scarcity
500 ml (Pack of 1)Verified,Scarcity
achieved in Auto mode. Auto,Scarcity
Overall Thickness 0.0625 in Primary,Scarcity
-21.75,Scarcity
out of stock. We are,Scarcity
chase and is clearly gaining on,Scarcity
job. Went right over the,Scarcity
straight into your tracks as,Scarcity
2 items 256 GB 4 items,Scarcity
AVAILABILITY In Stock PRICE $225.98 CAD,Scarcity
In Powerful mode with non-motorised,Scarcity
What’s fueling the frenzy? 3 ‘Buy’,Scarcity
On all in-stock orders. Learn more,Scarcity
Stock:In Stock (5+) VIC Windsor,Scarcity
"irritation, which could trigger future",Scarcity
1 Ship to Me In Stock,Scarcity
ft 8 in What made,Scarcity
and will arrive within 3-5,Scarcity
luscious when left to go,Scarcity
the hassle of finding the right,Scarcity
on hard floor. Actual run,Scarcity
the balance due on that,Scarcity
"4,499 Rs. 4,199 In Stock",Scarcity
and almost a decade of,Scarcity
Extra. 10 In suction mode one,Scarcity
35% OFF Rs. 399 Rs. 259,Scarcity
374 Previous 1 2 3 4,Scarcity
price $0.90 Stock: Sold out Sold,Scarcity
"of ₹ 3,000 or more. Available",Scarcity
150g) (480g to 550g Pack),Scarcity
from 74 reviews A great,Social Proof
"17,500 Add to cart AXYZ",Social Proof
"1,571 `1Guess ‘when the top goes",Social Proof
"₹2,799 45% OFF ECRU WAFFLE",Social Proof
<12345678910> Related Products Recently Viewed,Social Proof
"25,675.00 AMD Ryzen 7 7700X without",Social Proof
Customer Reviews 4 months ago,Social Proof
"17,500 Add to cart AXYZ",Social Proof
"and August 29, 2025, at participating",Social Proof
"Devarabeesanahalli Village, Bengaluru, 560103, Karnataka, India",Social Proof
"2160 Montreal Rd Gloucester, ON,",Social Proof
200 Total Card Holders 20 per,Social Proof
02048455 Check out this heat,Social Proof
"Blouse Piece Sale price Rs. 5,534",Social Proof
"MRP ₹ 1,049 (incl. of all",Social Proof
bought one and my wife,Social Proof
"With Supportive Edges By Comforto ₹7,899₹11,80033%",Social Proof
"128 count/g, 64 c... 256",Social Proof
control. This E39 540i was purchased,Social Proof
"SHIRT ₹1,924 ₹3,499 45% OFF DARK",Social Proof
"Regular price Rs. 2,246.00 womens Magenta",Social Proof
3 Bras for 1099 0,Social Proof
0 KB 10 Jun 2025 kiri,Social Proof
"USD $6,800 bid placed by DAC4711",Social Proof
"Rs. 7,276 Regular price Rs. 8,560",Social Proof
by Sammuel O. on 25,Social Proof
of the customers with 5 years,Social Proof
110019 RECENT POSTS Best Place,Social Proof
Thermal Paste Customers who viewed this,Social Proof
"79819 1-1/2"" Capacity 375-sheet capacity Sage",Social Proof
on 14 July 2025 Colour,Social Proof
"St 2nd Fl, Vancouver, BC V6B",Social Proof
today these young women are making,Social Proof
640.0-675.0 29-07-2025 31-07-2025 1300.00 Cr,Social Proof
PLUS Item #20571395 Dillard's Exclusive,Social Proof
300 Falls & Picco (Rs.100 Extra,Social Proof
(+993) Tuvalu (+688) Uganda (+256),Social Proof
of 2) By Gilson ₹351₹72952% Didn't,Social Proof
apply close 1 (819) 575-8050,Social Proof
Australia I am monitoring this variety,Social Proof
"Rs. 2,200 Rs. 4,400 SALE",Social Proof
"Rs. 11,399 Rs. 7,999 Sold Out",Social Proof
ships in 7-10 business days,Social Proof
"Moradi Scarf ₹12,800 Size O/S",Social Proof
"₹18,450 Total ₹35,439 ADD 3",Social Proof
"for iPhone 6 6S Rs.395.00 Rs.1,499.00",Social Proof
Reviewed in Australia on 3,Social Proof
20 hours ago Elisa Verified Customer,Social Proof
"Lovable. Drawable. Magical. From ₹49,900 Buy",Social Proof
"shown. SHOP NOW Over 15,000",Social Proof
global deployment to over 330,Social Proof
36 34 Sleeve length (in) 15,Social Proof
"Rs. 902.00 - Rs. 11,589.00 In",Social Proof
"with Gigbag Rs. 112,955 Shop",Social Proof
"to 100,000 images and 1,000 minutes",Social Proof
"Members € 35,96 Add to Cart",Social Proof
purchased by its current owner 10,Social Proof
"Lehenga Set ₹1,199 ₹2,499 (52%",Social Proof
Review 6 months ago Sarika,Social Proof
Only Here and at John Deere,Social Proof
"Rs.45,360 Women Friends In Garden |",Social Proof
of 5 stars 3 weeks ago,Social Proof
"Rs 9,000 FOR SALE : HTC",Social Proof
"SMASH) RS. 2,600 HOLY HELL",Social Proof
"₹1,049 ₹1,259 (17% off) All-Over Print",Social Proof
"Someone in HAMLYN TERRACE, recently",Social Proof
on A reviewer 3 days ago,Social Proof
"author's likes: 1,372 Thanks everyone for",Social Proof
"author's likes: 8,370 To @liverylover, maybe",Social Proof
experts at Martin meticulously recreated every,Social Proof
One Hundred Eight (108) Vedic,Social Proof
date 22/07/25 Was this review,Social Proof
"₹18,399₹24,79926% Blue Abstract Cotton 54x22 Inches",Social Proof
050 7 524 8 999,Social Proof
50 Reviews Review this Product Select,Social Proof
on 28 Jul 2025 Douglas,Social Proof
most of the cases 123,Social Proof
on the Internet once told,Social Proof
E. on 11 Aug 2025,Social Proof
"Days) Rs.2,800 Make this Saree Ready",Social Proof
"St... APRIL 5, 2025LAVANYA A",Social Proof
"by tabishali Verified View all 5,672",Social Proof
"(Vel0008) Rs. 3,800 Add to",Social Proof
from Los Angeles Delivery Estimated,Social Proof
5-7 Business days One Year,Social Proof
patterns total 220 samples total 160,Social Proof
19 at Road America More,Social Proof
"Grease Paste (1 G) 53,847",Social Proof
SHIELDZ❤️ 08/01/2025 Ronit Hanra S24,Social Proof
"Maker 3 終極智慧裁切機 網路價 15,999 15,199",Social Proof
1800 103 6664 Useful Links Why,Social Proof
"23,439 Save11% Sale SS Ton Slasher",Social Proof
"65.00 or 6,500 miles SISLEY",Social Proof
"Avalahalli, Mysore Road, Bangalore-560026 Karnataka Email:",Social Proof
as well been a million.,Social Proof
097 575 294 UNLOCK EXTRA,Social Proof
"₹ 1,790 QUICK VIEW ADD TO",Social Proof
VERIFIED PURCHASER 20 hours ago,Social Proof
"Princes Highway, South Nowra, NSW Australia",Social Proof
3 548 0640 Makers of The,Social Proof
83996 (70%) Pay in installments,Social Proof
Covered 620+ Cities Enjoying same-day delivery,Social Proof
"for iPhone 6 6S Rs.395.00 Rs.1,499.00",Social Proof
"Together, these properties account for 1,604",Social Proof
""" India"", 1 year ago",Social Proof
great. My first purchase was made,Social Proof
"| #900-9707, 110 Street NW, Edmonton,",Social Proof
"likes: 1,372 @querubas1 Hi thanks",Social Proof
7 in What is your,Social Proof
CUSTOMER TESTIMONIAL I purchased WaltX Trail,Social Proof
"₹1,374 ₹2,499 45% OFF CREAM",Social Proof
"11, Loja 10 2665-236 Malveira Horário:",Social Proof
"Sale price Rs. 2,856 Regular",Social Proof
"₹ 1,566.06 INR Shipped within",Social Proof
518,Social Proof
(480 - 500g Pack) ₹820.00 ₹599.00,Social Proof
ABN 88 000 014 675Terms &,Social Proof
"to 500,000 images and 5,000 minutes",Social Proof
995 Rs. 627 Gold Plated,Social Proof
"for iPhone 6 6S Rs.395.00 Rs.1,499.00",Social Proof
Gameology. ABN: 12 641 177 648,Social Proof
B. on 28 Jul 2025 Reviewed,Social Proof
Of 138?! — the mix album,Social Proof
E. on 11 Aug 2025,Social Proof
on 31 Mar 2025 Was This,Social Proof
IN 100+ COUNTRIES | SINCE 1955,Social Proof
Verified by 47.9K Customer Reviews Be,Social Proof
collection is comprised of 8 different,Social Proof
"71, Wangen im Allgäu, Baden-Württemberg, 88239,",Social Proof
"Ganesh Hegde Jul 23, 2025 This",Social Proof
"Even Better Over 300,000 Canadians know",Social Proof
When I saw this colour on,Social Proof
Closed Barrie Vape Shop 531,Social Proof
"iTokori again. Nottingham, United Kingdom, 1",Social Proof
in touch 1300 735 786,Social Proof
Mini! 284 views 3 weeks ago,Social Proof
"| #900-9707, 110 Street NW,",Social Proof
₹ 795 Make This Rakhi Special,Social Proof
"7900X3D Without Cooler ₹ 43,000.00 AMD",Social Proof
x 260 mm P. +64 3-3493331,Social Proof
Showing 1-12 of 46 Printable,Social Proof
"456 Hamburg, Germany Call: +49-1234-56-7 mail@example.com",Social Proof
"on April 6, 2025 Size: 10-InchVerified",Social Proof
at least 99.97% of airborne,Social Proof
17 hours ago Meryl Emmett We,Social Proof
"6 Hot Pink, Mumbai 360",Social Proof
"(480g to 500g Pack) ₹1,431.00",Social Proof
"State of Trance, Ibiza 2024’.",Social Proof
1-888-924-7524 Use of this site,Social Proof
(02) 4257-2636 South Nowra 4/142,Social Proof
"Morales PS5 (Pre-owned) Rs. 1,599",Social Proof
Delhi-110 052 CIN: U52100DL2012PLC237371 © 2025,Social Proof
Learn More 5.8M MEMBERS WORLDWIDE!,Social Proof
"Rs. 7,600 Add to cart",Social Proof
"84,900 Shop Now PRS SE",Social Proof
"51,300.00 Intel Core i7-14700KF Processor ₹",Social Proof
Share By Usha Shriram (84-Month Warranty),Social Proof
"Protector ₹5,671 ₹4,264 25% Off",Social Proof
Pty Limited ABN 18 613,Social Proof
Who Viewed This Item Also Viewed,Social Proof
789 285 — Privacy Policy,Social Proof
"Salfia Sanat Nagar, Budgam Srinagar, 190005",Social Proof
centre Information: 1800 123 001,Social Proof
on 31 Jul 2025 Reviewed,Social Proof
Pages per Pack 90 Total Trading,Social Proof
Hyderabad 1 month ago 32 5,Social Proof
"164 cm tall, and ordered the",Social Proof
"you on the 28th June,2006",Social Proof
Size: 36 37 38 39 40,Social Proof
067 215 77 22 Чат,Social Proof
"on 12 Mar, 2025 Positive Paid",Social Proof
Proof Capacity : 750 Colour,Social Proof
of Frodo Baggins about 18 hours,Social Proof
"1,399.00 + Add to cart",Social Proof
"a survey of 4,000 Canadians",Social Proof
"Oakville, ON, L6L5B3 Canada (905) 267-0774",Social Proof
$14 within Australia and $35 to,Social Proof
65.00 Taylor of Old Bond Street,Social Proof
"SALE Sale Search over 1,500+",Social Proof
1 (514) 903-1861 By Email,Social Proof
"Academic Rs. 26,200 Add to cart",Social Proof
"(613) 216-1509 Ottawa Vapes, Vanier Vapes,",Social Proof
"at Jun 16, 2025 3",Social Proof
"€14,95 of gratis retourneren in",Social Proof
Over 20 years on the,Social Proof
"technology prevents interruption. While 7,815 stiff",Social Proof
Customers Viewed Kosmo Coral Kids,Social Proof
for over 10 years now.,Social Proof
Bowl (12Dx5cmH) $2.15 Sold in multiples,Social Proof
"2, 2025 1 2 3",Social Proof
shop Call 7039883333 India © 2025,Social Proof
1860 123 1000 | Address:,Social Proof
"King Custom ₹15,786.28 MRP ₹17,159.00",Social Proof
"Falls, ON, L2H1H1 Canada (905)",Social Proof
shipping over $199 in July India,Social Proof
"₹1,399 ₹2,799 50% OFF SIMILAR",Social Proof
"₹2,999 45% OFF JACK&JONES Men’s",Social Proof
"38 CM WIDTH Rs.36,288 Lord Krishna",Social Proof
week ago $50 opalcollector69 1 week,Social Proof
"Over 15,000 Sold Your browser",Social Proof
Skip to Content 1300 855,Social Proof
Sudima Kaikoura Kaikoura 90 bought from,Social Proof
"29 from Rs. 17,000.00 Rs.",Social Proof
that serve dozens or millions of,Social Proof
4.9 out of 5 138,Social Proof
Month 20K views 8 months ago,Social Proof
Based on 164 Reviews 5,Social Proof
star 47 47 reviews with 5,Social Proof
"SMASH) RS. 2,600 ARCHITECTS HOLY HELL",Social Proof
"price Rs. 4,500 OFF Yellow Blended",Social Proof
All Over The Japan A complete,Social Proof
"Kolkata, West Bengal - 700029 FOLLOW",Social Proof
on 25 reviews 18 July 2025,Social Proof
2690 - 7200 View Details ❯,Social Proof
YesReportShare 2 months ago Verified Customer,Social Proof
"Pack Rs. 17,500 Add to",Social Proof
"Shop 216 Adelaide St W Toronto,",Social Proof
Source: Google Local 17 hours ago,Social Proof
2 9000 1801 (AU) Mon,Social Proof
who bought this item also,Social Proof
7 FRAMES Dispatches in 1-2 working,Social Proof
48 66 37 Large 16-18 94-99,Social Proof
21 July 2025 Verified Purchase Worked,Social Proof
all. CHAT WITH US +91 9355567445,Social Proof
EST Toll-Free 1 (866) 996-3274 Local,Social Proof
"HEIGHT X 81.5 CM WIDTH Rs.1,34,400",Social Proof
16 mg by mouth three times,Social Proof
"glowtus Location: Marion, New York 14505",Social Proof
2025 Great Canadian Mattresses Delivered,Social Proof
One-Forty 6000 used for? The,Social Proof
2025 Size: 10-InchVerified Purchase This,Social Proof
© 2025 Epson Australia Pty,Social Proof
stores across 11 cities Find,Social Proof
"Seller) This author's likes: 1,372 Welcome",Social Proof
From Our Customers 4.62 out of,Social Proof
"2100, NSW Meeting the highest",Social Proof
"Visit the ARCTIC Store 4.6 9,891",Social Proof
"Black ₹46,900 Size O/S Ship from",Social Proof
Black/White 252 CUSTOMER REVIEWS 4.33,Social Proof
"Ada ₹9,383 ₹5,757 39% Off",Social Proof
"Private Party Lot #202202 37,894 views",Social Proof
"India, 1 year ago Nvm Prakash",Social Proof
thickening reqd 123 ABOUT US About,Social Proof
"LIGHT BLUE SMASH) RS. 2,600 ARCHITECTS",Social Proof
"₹ 1,099.00 1.7 oz View Details",Social Proof
"Rs.17,584 Lord Hanuman Giving Blessings |",Social Proof
Details Delivering to Delhi 110001,Social Proof
(+1-876) Japan (+81) Jordan (+962),Social Proof
Engineering OFS 366.0-385.0 30-07-2025 01-08-2025 650.00,Social Proof
"6, 2024 Very nice product. 0",Social Proof
ON ALL ORDERS OVER $150,Urgency
helpful? 0 0 L 08/14/2024 Liz,Urgency
"14, 2025* or 4 interest-free payments",Urgency
Your Business Prime Now 2-Hour,Urgency
120 tablets - $48.99 USD,Urgency
Pencil Case - 1L £20.00,Urgency
"M-F, 6AM-6PM PST Live Chat",Urgency
PriceGet extra ₹2500 off (price inclusive,Urgency
Shorts $123.74 $164.99 Black 020 Dark,Urgency
"Table HOMETOWN Sale price ₹19,900 Regular",Urgency
Fri 9am - 5pm Call us,Urgency
"Sleeves Party Dress ₹395 ₹1,319 (70%",Urgency
"CT5 Time to Go, CT5 Start-Stop,",Urgency
(24mm) $3.30 n 191321NA Metal Display,Urgency
"13:00 Jul 28, 13:00 See original",Urgency
160g) ₹199.00 ₹179.00 /pack Malabar,Urgency
price was: $59.00. $12.00 Current price,Urgency
How long should you take,Urgency
"Saturday, July 26 at 11:46pm",Urgency
collection has something for everyone!,Urgency
/ Rane (Large) ₹750.00 ₹549.00 /500g,Urgency
Sale price ₹ 499.00 Regular price,Urgency
by week 8 Month 3:,Urgency
6 months. No Cost EMI,Urgency
"5700X without Cooler ₹ 13,475.00",Urgency
to 6 p.m. 1 (844) 308-1861,Urgency
"- XY, 300Hz - Z",Urgency
10 Samples Pack 07/30/25 Highly,Urgency
$119.95 Sale price or 4,Urgency
Estimated delivery date: 6th Aug -,Urgency
"₹14,665₹19,73326% Dreamer Orthopedic 8 inch Pocketed",Urgency
1 Bids Closed 27/07/2025 02:40 pm,Urgency
"Side Lev... 2 ₹2,625 00 JAQUAR",Urgency
- 5.30pm (AEST) Chat Why,Urgency
"Midkini Top ₹‌6,500.00 - ₹‌7,200.00",Urgency
"Steaks ₹1,049.50 ₹385.00 /500g Cobia",Urgency
₹330.00 /pack Premium Boneless Chicken,Urgency
months from the date of,Urgency
Was this helpful? 1 0 07/17/2025,Urgency
Key features Dimensions 120-night trial,Urgency
Bpearson5.0 Jul 26 at 7:50 PM,Urgency
AUG 14 August 14 -,Urgency
Cotton Onesie ₹165 ₹300 (45% off),Urgency
"HomeTown ₹21,900 ₹12,900 41% off (Inclusive",Urgency
"Sale price Rs. 7,965 Regular price",Urgency
₹89.00 Original price was: ₹89.00.,Urgency
"Carbon SE 2 3.000,60 € 4.899,00",Urgency
available after bootloading 16MHz Clock Speed,Urgency
11.4K Ratings 35% OFF ₹199 ₹305,Urgency
& Summer Dance Cruise 2025—August 1,Urgency
(7-12 business days) Standard shipping (10-18,Urgency
Chicken Lababdar ₹400.00 ₹299.00 /pack 480g,Urgency
Time:- 3 to 5 days,Urgency
to your adventure in no time.,Urgency
10:00 AM - 8:00 PM,Urgency
Sale price Rs. 599.00 SALE -50%,Urgency
11.5 inches SAVE!! Purchase this,Urgency
shipping time: 2 – 4 days,Urgency
"39:1, 24:1, 20:1, 35:1, 20:1,",Urgency
at 4:01 AM querubas1 This author's,Urgency
Up to 4 hours with,Urgency
Off On Orders Above ₹799 |,Urgency
₹368.00 ₹251.00 /pack Chicken Curry Cut,Urgency
400g Pack) ₹749.00 ₹525.00 /pack Premium,Urgency
shipping on orders over $120 CLIMATE,Urgency
Jul 26 at 11:37 PM USD,Urgency
$12.49 per month for 0,Urgency
"ever IPO’, plans over Rs 52,000",Urgency
issue arrives within 30 minutes),Urgency
1600Hz 17Hz 18±10Hz 19Hz 1Hz 1Hz,Urgency
0 0 AA 06/18/2024 Alayna,Urgency
60-Minute Full-Body Massage & Luxury Facial,Urgency
"60 ° C, CAPACITY 235 MAH,",Urgency
to limited-time offers only. Bundle promotions,Urgency
0 J 07/13/2021 Julius Canada Share,Urgency
before 12:30pm Sydney time. Basket Your,Urgency
2019 at 10:36 am Cool,Urgency
999.00 ₹ 699.00 NEW SEASON,Urgency
25th Aug $29.07 Testing Books |,Urgency
"Regular price ₹ 6,999 Sale",Urgency
$74.75/month with Almost gone! Quantity: Add,Urgency
0 R 04/17/2024 Richard Canada Good,Urgency
"10 Days) Rs.1,400 Exp. Blouse Stitching",Urgency
"(10mm, 2 Rows) Sale price ₹",Urgency
100MB/S R 4... AU $42.99 Free,Urgency
28 V 5 V ~,Urgency
Available In: Sale price Sale $149.95,Urgency
"price ₹ 21,249 Save15% Sale",Urgency
Pack) ₹450.00 ₹425.00 /pack Chicken Skinless,Urgency
₹750.00 ₹598.00 /pack Lean Premium Goat,Urgency
Sale price Rs. 799.00 SALE -47%,Urgency
+ 200g Dhaniya Adhraki ₹398.00 ₹285.00,Urgency
- Z 750Hz 75Hz 800Hz,Urgency
110 – 1800 RPM Range of,Urgency
25 at 9:09 AM USD,Urgency
"Jacket INR $5,300.00 INR $3,700.00",Urgency
sale for $49.13. MSRP $60.00. 18%,Urgency
- £20.00 Added! Reviews 32 Reviews,Urgency
₹190/100 gm 2kg ₹3299 ₹165/100 gm,Urgency
Mon.- Fri.: 9am - 5pm EST,Urgency
26L | New £50.00 10,Urgency
11:03 am I didn’t receive my,Urgency
to 580g Pack) ₹327.00 ₹242.00,Urgency
Sale price ₹ 599 Regular,Urgency
to 500g Pack) ₹248.00 ₹159.00 /pack,Urgency
Rs 669.00 Min. Quantity: 2 Buy,Urgency
in every aspect. 04/01/2025 Rajkumar,Urgency
Claiborne DOORBUSTER! $9.99 sale 54% off$22,Urgency
30 days (240 hours) Paid Holidays,Urgency
Published date 08/07/25 Was this,Urgency
"7, 2018 at 7:17 am Hi,",Urgency
Shipping on Orders Over $69,Urgency
LAST! n 570031WH Pick Butterfly,Urgency
₹390.00 ₹239.00 /pack Combo: (250g Goan,Urgency
₹120.00 ₹80.00 /pack Premium Chicken Curry,Urgency
"- Black ₹3,273 ₹2,461 25% Off",Urgency
₹ 449.00 MRP ₹ 599.00,Urgency
How long does it take to,Urgency
"Rs 1,000 off on 9D Mats",Urgency
24 24 26 26 28 28,Urgency
locations On time Guarantee Free,Urgency
"25 at 7:50 AM USD $2,000",Urgency
"between August 1, 2025, to",Urgency
resolution: 1280 x 2160 (4K),Urgency
– 9:00 PM (including Public,Urgency
"Sale price ₹ 12,750 Save15%",Urgency
$45.00 Express Ship Available! Add,Urgency
15 Days Return Policy* Cash On,Urgency
Premium Goat Liver Pack ₹504.00 ₹338.00,Urgency
JM 07/13/2021 Julius M. Share your,Urgency
Dec Day 01 02 03 04,Urgency
"₹849.00 M.R.P: ₹2,399.00 Customer reviews",Urgency
your next journey! 3-YEAR WARRANTY,Urgency
₹653.00 /pack Triple Combo: Premium Chicken,Urgency
You must be 18 years,Urgency
250Hz 25Hz 27Hz 29Hz 2kHz 3.125Hz,Urgency
"₹1,619.00 /pack Triple Combo: (480g Premium",Urgency
left! Price is: $399.00 Get Delivery,Urgency
26 at 11:32 PM onlyhonda4me,Urgency
"MRP ₹ 6,395.00 (inclusive of all",Urgency
(0)20 625 2225 (MON-SUN / 12:00-18:00,Urgency
"120Hz refresh rate, HDR10, and True",Urgency
3 days if you are not,Urgency
(Nights) 365 100 101 Warranty,Urgency
4:38 pm Redeem kaise kare,Urgency
"BLACK 29,95 EUR 59,95 EUR SALE",Urgency
💜 Published date 31/03/25 Was this,Urgency
Flat ₹250 Off on Orders,Urgency
$249.95 Sale price or 4 interest-free,Urgency
"Freedom Sale Deal -32% ₹2,375 00",Urgency
"with Expo... 1 -50% ₹3,999",Urgency
₹299.00 ₹252.00 /pack Crumb-fried Chicken Wings,Urgency
16 at Just ₹1699* per,Urgency
Pack) ₹249.00 ₹199.00 Spicy &,Urgency
0 0 TB 02/16/2025 Tyler B.,Urgency
until 8/10!! If you place an,Urgency
Airflow Rate Feet3/min (cfm) 420 m3/min,Urgency
"price: ₹2,30,003.20 Add all 3 to",Urgency
$349 SALE! ADD TO CART,Urgency
SKU: 1042177M-996-M $59.99 Regular price,Urgency
On Orders over ₹ 599,Urgency
Aug - 20th Aug $7.99 Worldfront,Urgency
"10x12"" ) Sale price 100.00",Urgency
"12:32 AM USD $7,850 bid",Urgency
Original price was: $56.00. $29.00 Current,Urgency
8:30am - 5:00pm Sat 8:30am,Urgency
for 6 months interest free.,Urgency
days. Orders over $425 are,Urgency
₹66.00 Current price is: ₹66.00.,Urgency
30 days easy returns ABOUT,Urgency
sale for $44.95. MSRP $49.95.,Urgency
"350Hz - X, 150Hz -",Urgency
"MRP: ₹ 2,190 Sale price:",Urgency
Options EMI starting from ₹651/month Cash,Urgency
hrs 5 min Need it sooner?,Urgency
at 11:04 PM 3Pedalonly This,Urgency
2018 at 10:05 am have Your,Urgency
time was up to 4,Urgency
Mon-Fri 9:00am-4:00pm Call Us (02) 8386,Urgency
832.00 - Original price Rs.,Urgency
"- Sandal Sale price Rs. 13,050.00",Urgency
at 6:15 PM grb1 This,Urgency
"Case For I ₹4,918 ₹3,698 25%",Urgency
"2,999.00 Original price ₹ 9,599.00",Urgency
purchase within 30 days - even,Urgency
"India for Sale $129 – $1,199",Urgency
200 Grams ₹73.00 Original price was:,Urgency
♥️ Published date 12/08/25 Fit,Urgency
2699 | Save ₹ 1350,Urgency
₹449.00 /pack 480g Chicken Boneless Breast,Urgency
Tablet ₹29.30 per unit (Inclusive of,Urgency
1 08/07/2025 Anmol . Great,Urgency
₹899 ₹999 (10% off) Floral Embroidered,Urgency
to limited-time offers only. Bundle promotions,Urgency
was: ₹64.00. ₹61.00 Current price is:,Urgency
Servicing hours: Monday to Saturday,Urgency
04/03/2025 Mukesh Perfect product! After searching,Urgency
"Set ₹999 ₹1,499 (33% off)",Urgency
"Controllers ₹6,171 00 FREE delivery",Urgency
Mon-Fri 11:00 to 7:00pm ),Urgency
0 0 12/26/2024 Deepika Mattress,Urgency
Loin Cut (250g Pack) ₹630.00 ₹363.00,Urgency
Price range: $75.00 through $100.00 Sale!,Urgency
₹399 ₹999 (60% off) Floral Pure,Urgency
₹549.00 ₹450.00 /pack Premium Boneless Chicken,Urgency
"Rs.395.00 Rs.1,499.00 1 2 3 4",Urgency
8:30am - 4:00pm Email us More,Urgency
Free Returns for 365 Days ©2020,Urgency
by week 4 Month 2: Your,Urgency
💪 Published date 05/07/25 Was this,Urgency
+ Premium Goat Liver ₹455.00 ₹313.00,Urgency
(₹700) 60 % off Book Now,Urgency
was: ₹170.00. ₹161.50 Current price is:,Urgency
"6 hours, ensuring pure and fresh",Urgency
₹368.00 ₹338.00 /pack Triple Combo: (250g,Urgency
"Australia | Orders Under $89, Only",Urgency
06:30 - 16:30 Friday: 06:30 -,Urgency
Free Returns for 120 Days Dear,Urgency
"x 18"" Starts at: ₹1056.49 Customize",Urgency
ago $49 britt123 1 week,Urgency
8:00am-5:30pm Saturday: 8:30am - 4:00pm,Urgency
"5110mAh battery, offering 15 hours of",Urgency
Above ₹999 | 🎉Get 10%,Urgency
“Core i5 12400F with B760M,Urgency
8 Hrs 56 Mins 39 Secs,Urgency
trimester 1 How many weeks is,Urgency
"11:38 Jul 28, 11:38 See",Urgency
Timings: Monday – Friday (10:00,Urgency
"Dress ₹1,499 ₹1,799 (17% off)",Urgency
Stays - Sunday to Thursday $390,Urgency
UHS I C10 U3 V30 100MB/s,Urgency
Helpful 07/27/2025 Anonymous Comfortable and nice,Urgency
Sale price ₹ 699.00 Regular price,Urgency
"240g ₹1,303.00 ₹1,046.00 /pack 480g",Urgency
₹219.00 Classic Burnt Turmeric Country,Urgency
"12:32 AM USD $7,750 bid placed",Urgency
RAKHI10 | 15% OFF $175+,Urgency
more!,Urgency
Pack) ₹599.00 ₹529.00 Premium Goat,Urgency
days. $14.00 4 payments of,Urgency
₹674.00 ₹481.00 Premium Boneless Chicken Breast,Urgency
on all orders over $150,Urgency
"OFF ₹1,511 ₹2,199 Aquaguard Crystal NXT",Urgency
Glass stem 75mm Subtotal: $29.95,Urgency
of time to return your,Urgency
Keep the music playing! 20/07/25,Urgency
₹75 ₹125OFF MRP ₹200(MRP inclusive,Urgency
₹ 225 Almond Baklawa 4Pcs,Urgency
Jul 26 at 11:41 PM USD,Urgency
"Gold Colour HOMETOWN Sale price ₹9,900",Urgency
